AL_freq1,AL_freq2,EK_score1,EK_score2,CAT_type,AA_change,Panel,Label
0.04675811847694234,0.008479524586965862,0.8233353976210084,4.315419087123158,nonsense,F>H,CFTR,1
0.015617415511004243,0.0036095967879522313,0.740337242986253,4.709870850945759,frameshift,W>P,CFTR,1
0.12219684136035157,0.004705307949656191,0.8119779392942351,3.8682505336889985,missense,R>L,CFTR,1
0.002111764991736848,0.019093229970826534,0.7946645623826959,4.060051725853718,splice_site,A>G,CFTR,1
0.12862255990589636,0.018411114877761564,0.7752063465917337,4.647763179307534,frameshift,T>A,CFTR,1
0.012933339647595427,0.058512321266575754,0.7288850251925624,3.7445138770566193,splice_site,C>I,CFTR,1
0.000603225997628173,0.006565160519234614,0.7639723042505417,4.3231562806591395,splice_site,Y>G,CFTR,1
0.038566551110474405,0.017822187332251233,0.675664997389849,4.809646618614789,nonsense,I>N,CFTR,1
0.007530275043457353,0.016026940355841415,0.8262167420365678,3.821593683298813,frameshift,M>L,CFTR,1
0.21929670516662128,0.5033745110101103,0.29876627639466874,1.4747525486003525,missense,P>R,CFTR,0
0.04511012561140181,0.00628176979550425,1.0,4.271319108545286,missense,I>G,CFTR,1
0.03679696943607415,0.008868972625857832,0.8533824995452738,4.302259192066332,missense,M>R,CFTR,1
0.007858371052358322,0.041634514920582996,0.8462936095768315,4.61916229154911,splice_site,D>A,CFTR,1
0.055410804448794225,0.00025312634338379574,0.8875649168461279,4.265913941461281,splice_site,A>D,CFTR,1
0.013498929368803652,0.009834043287084369,1.0,4.913835313517313,frameshift,C>M,CFTR,1
0.0007032298348602606,0.024066220114772028,0.7726194339992816,5.068408554105308,missense,F>A,CFTR,1
0.14261371206677714,0.3219874690150753,0.22501040371669218,2.883484107918605,splice_site,G>K,CFTR,0
0.0001725113683821135,0.029774601892997587,0.9172590740862681,3.726189222141035,nonsense,R>C,CFTR,1
0.01144889996191038,0.036156624098257005,0.7654730506171458,4.006825201902974,nonsense,E>Q,CFTR,1
0.2111515332221647,0.168736894105251,0.27851603242052453,2.064081210332303,missense,M>I,CFTR,0
0.004521226661835604,0.011776135109686302,0.6356892620159678,4.788711247082426,nonsense,Y>R,CFTR,1
0.039420085553774645,0.05757376962419907,0.6749538309970765,4.417925604676078,frameshift,D>W,CFTR,1
0.0773404353523276,0.004478347762848287,0.8581774934741928,4.823276335188736,missense,K>Q,CFTR,1
0.026919378344521423,0.02393561195299602,0.796438028684296,3.6657883754548393,nonsense,C>V,CFTR,1
0.07386952111479539,0.02929652118801198,0.7930420358239345,4.010535783177904,frameshift,K>A,CFTR,1
0.024278389806700152,0.00422759768594191,0.9158865685263001,4.438072191155852,missense,S>Q,CFTR,1
0.10548014089430476,0.003188674322510762,0.7322044151845164,4.715351847284998,missense,S>C,CFTR,1
0.24643536085785356,0.12983944426870617,0.25148464738077037,2.068914251260336,frameshift,P>D,CFTR,0
0.00579297581960945,0.0029369067257825152,0.8180676808964167,4.80812846093711,splice_site,V>L,CFTR,1
0.04681954822658193,0.06891439821669874,0.8073623989470272,5.083373892245493,missense,L>T,CFTR,1
0.01394633020108566,0.0804664688768177,0.8595420702151306,4.477617246519784,nonsense,Y>D,CFTR,1
0.2724106885940166,0.002470158615542769,0.7978741177772846,4.014566140693508,splice_site,D>I,CFTR,1
0.07360085824839009,0.00783986738005338,0.7861381332190494,4.474940173617561,missense,P>H,CFTR,1
0.18768871525943548,0.02081122275470575,0.7380878547623556,3.8765831950390104,missense,N>K,CFTR,1
0.06411175661176466,0.028068421733953255,0.9248982888294565,4.6704979344510384,splice_site,P>M,CFTR,1
0.1924332817012647,0.4403439634895604,0.23397755909583326,2.158269450643532,missense,M>Y,CFTR,0
0.10672927719706841,0.03600283268505134,0.7595989363643774,4.538741706613957,missense,R>K,CFTR,1
0.04614782849984543,0.004462167984295403,0.8497915142765237,3.838473109929539,nonsense,A>S,CFTR,1
0.12232125858696415,0.16680182378072755,0.3061384887015003,2.3480596800010245,nonsense,V>R,CFTR,0
0.01895762842716608,0.00592044461754088,0.8088874784427846,3.9098556232111457,nonsense,Q>F,CFTR,1
0.11453085438183026,0.014157780453668655,0.7556083353769604,4.667044977975367,splice_site,Y>E,CFTR,1
0.044800890701726305,0.027510605857940205,0.7209660061358627,4.7053491058015195,missense,V>N,CFTR,1
0.0318298025381156,0.0179868834025262,0.7014761288991946,4.962408854194158,frameshift,Q>T,CFTR,1
0.008533104173198301,0.026112657115374655,0.8416033432314936,4.521203204024641,nonsense,V>D,CFTR,1
0.006185075020401542,0.0002938564037852873,0.7831622711431302,4.730208379251038,missense,C>W,CFTR,1
0.02907805973389016,0.016331115927784988,0.7832886415374115,4.655724754859016,splice_site,M>G,CFTR,1
0.09047378243460014,0.026676095904634222,0.7874204025639594,4.308421278089028,frameshift,V>A,CFTR,1
0.07900950073596533,0.024578027780035795,0.7654622617325509,4.370526346649403,nonsense,R>G,CFTR,1
0.005261339623626507,0.010966894939873836,0.921233699565251,4.5806238895795435,splice_site,T>C,CFTR,1
0.09504576013464265,0.04948714746424834,0.8812521571890126,4.100469591522549,splice_site,A>M,CFTR,1
0.01564038793314785,0.018692975195509987,0.7511853752141375,4.7624414215061694,missense,C>K,CFTR,1
0.0007489684425096249,0.003541534653944167,0.8587971907074148,5.024692008676221,nonsense,S>T,CFTR,1
0.0709242463912647,0.001141209872648412,0.8381534257442779,4.856498204314682,frameshift,V>N,CFTR,1
0.041515351870450454,0.031266438312918456,0.811583139209996,4.540376262473722,missense,L>K,CFTR,1
0.02313610318976672,0.018765307204849032,0.591836526649733,4.59161029795983,frameshift,P>C,CFTR,1
0.2043561075617751,0.36687609103009955,0.6976879730634551,1.7212013592412716,nonsense,A>G,CFTR,0
0.05364718599528135,0.011853618302970444,0.8175558943960014,4.390827482049519,nonsense,Q>A,CFTR,1
0.12983539081279927,0.017984241270269676,0.7794434700507117,4.986329119392444,nonsense,I>W,CFTR,1
0.0016484184859881065,0.020956743354373447,0.9632585948822439,4.1076407613658485,splice_site,S>C,CFTR,1
0.04553759424430177,0.03319512109712322,0.7905477136162355,5.267927975281702,missense,A>V,CFTR,1
0.016494243496814758,0.008737493721707597,0.9116697436326152,4.451008409409536,nonsense,V>M,CFTR,1
0.042176289530759255,0.0771481991455576,0.8320804779586385,5.14819318939034,missense,N>P,CFTR,1
0.024989400586462363,0.003489804050872873,0.9131519254654904,4.216818140903018,splice_site,V>Y,CFTR,1
0.2477806426066062,0.0076749212114952,0.7712493923665928,4.514413544876533,splice_site,S>K,CFTR,1
0.1479206490514834,0.5337881358413232,0.35196830877568297,0.3926851261799571,splice_site,D>S,CFTR,0
0.027580936553382552,0.011251960997526112,0.8812759038143065,4.456062471252067,missense,R>W,CFTR,1
0.0225434182413944,0.04656199605040986,0.8153270677669929,4.603648088341902,missense,M>D,CFTR,1
0.0029139438425592776,0.0008891968858958881,0.8000258909673312,5.319478536729535,frameshift,V>C,CFTR,1
0.04646515707320184,0.0019557101748959808,0.5827316748957833,4.468223930221288,nonsense,L>K,CFTR,1
0.10772445894538439,0.019857423770045908,0.7636133008127882,4.308356354545279,frameshift,D>T,CFTR,1
0.03720728988913907,0.059299941690775446,0.9754276589542925,4.652773025509704,missense,W>I,CFTR,1
0.15993231075536044,0.15298504939204272,0.046788814813190915,2.1427023845888185,splice_site,N>T,CFTR,0
0.006219278799882126,0.010497405636285298,0.7076549292654427,4.73676377726089,nonsense,K>T,CFTR,1
0.03330779222557601,0.010456010407570696,0.7361890925059549,4.949712846118925,frameshift,I>D,CFTR,1
0.20061510076151887,0.17717780620566836,0.3435270463428102,0.6964969337351524,nonsense,P>A,CFTR,0
0.015687370484297435,0.003669526399127816,0.7480760418818369,4.467504708494969,frameshift,A>T,CFTR,1
0.08704618263898466,0.005266088914103376,0.892669942914139,4.299054522157282,missense,V>W,CFTR,1
0.1690509655331809,0.0031264374124121744,0.7869638963018637,4.897891389569569,nonsense,T>N,CFTR,1
0.074839710513286,0.014474204573451851,0.7443322225630833,3.565583571482606,frameshift,P>E,CFTR,1
0.014874315301668595,0.013386747577277976,0.8558456726523327,3.613855144111671,missense,A>I,CFTR,1
0.038377097093337996,0.033551596646759156,0.7441843546159908,4.977570564741765,missense,E>N,CFTR,1
0.1714396183661863,0.02145713439761427,0.8350278257819247,4.928800867756691,nonsense,H>K,CFTR,1
0.21881298339310168,0.15707430651029003,0.0633769240096273,1.1304397153825505,nonsense,A>G,CFTR,0
0.09320464472832156,0.008201061348625414,0.698276806745822,4.61774606978348,nonsense,F>Q,CFTR,1
0.05406129454790859,0.03600428277322158,0.8137561947041686,5.100052387235655,splice_site,Y>S,CFTR,1
0.018560882462016818,0.010818985405971794,0.708697111876492,4.809184518168987,splice_site,E>W,CFTR,1
0.07730354694299565,0.01027237758056968,0.8237969335461229,4.718652539912806,missense,D>Q,CFTR,1
0.06300128087806171,0.0004134726410576725,0.8332207910369537,4.748064582327193,nonsense,P>G,CFTR,1
0.12025677721098049,0.16405494157743483,0.12478166554913328,1.3282921220673378,splice_site,D>M,CFTR,0
0.20283239681081122,0.01737174134571583,0.901379106466326,4.489590635403553,splice_site,G>N,CFTR,1
0.030440473722725157,0.08369172804350455,0.8050810053049794,4.111020008704632,missense,Y>D,CFTR,1
0.056123676999974115,0.014807967033114959,0.8554891299503908,5.517985712001531,nonsense,N>I,CFTR,1
0.18587493410284225,0.19664321802700613,0.4322364506802529,0.7648293745637877,missense,N>I,CFTR,0
0.05436972585957866,0.03289770533984816,0.701024711494676,4.752223617641775,frameshift,L>R,CFTR,1
0.05091507399749401,0.0006759689212223938,0.7642234789590079,4.962624827324429,frameshift,F>I,CFTR,1
0.0812586326451845,0.23086165050984198,0.09834362461776708,2.2454130554439993,splice_site,W>K,CFTR,0
0.060810259805995394,0.0050074289497959255,0.8605633150220389,4.452687354821708,nonsense,L>A,CFTR,1
0.02851694791332551,0.0031116442361949505,0.7741434508532957,4.379706617586622,frameshift,E>N,CFTR,1
0.11471941366677307,0.7623293233862692,0.2604164215773658,1.4980880315168148,missense,V>L,CFTR,0
0.07046111186194064,0.02330895409059892,0.8164172141467518,4.130607510098991,missense,H>M,CFTR,1
0.006984727926602691,0.0815574777183337,0.7150976745698151,3.870992381332897,frameshift,P>K,CFTR,1
0.03133895750873369,0.009894045716685972,0.8476472348338318,4.0556004379414965,nonsense,K>P,CFTR,1
0.07775854506381853,0.03076927782836946,0.9072146694349985,3.886366955243612,frameshift,G>M,CFTR,1
0.03922377438902443,0.00384930638882906,0.8466906950169674,4.34161033615205,frameshift,K>C,CFTR,1
0.046656717077393245,0.28166359298415206,0.5200151655487222,0.44942734210652024,nonsense,Y>W,CFTR,0
0.07032166442055936,0.0005981949631439488,0.8449713202132734,4.7946233053743885,splice_site,F>I,CFTR,1
0.00926235628322957,0.02434795452963184,0.9159580740950043,3.954176183857907,missense,G>E,CFTR,1
0.38016752046190044,0.15648289669230303,0.7328502301716147,2.1996084989022564,nonsense,F>R,CFTR,0
0.11139184233564245,0.012285546303858023,0.6621257652727949,4.454868473211058,splice_site,C>F,CFTR,1
0.028001820846988462,0.04624484132837599,0.9219431469267666,5.87767662054282,frameshift,P>I,CFTR,1
0.04387282902725463,0.01025034328174494,1.0,4.537712641492555,frameshift,V>K,CFTR,1
0.08525072966481616,0.3557716809231178,0.12371340403654846,1.2508922918704504,nonsense,A>I,CFTR,0
0.024269331588469664,0.03858534948452949,0.8258816139405051,4.147219797442449,splice_site,N>D,CFTR,1
0.002316353739544444,0.004632560311715444,0.8247959909614399,3.4971089701536116,splice_site,Y>H,CFTR,1
0.05722797302253572,0.018278052531832917,0.691038112458599,4.50657866884931,missense,Y>V,CFTR,1
0.0015002469120443487,0.3111067612162583,0.24624336079769968,0.34046122396756284,frameshift,Q>T,CFTR,0
0.02061966825656277,0.004581942332333538,0.7940678183854543,4.418063348391932,missense,Y>D,CFTR,1
0.0772389195445875,0.029501073393003743,0.8563089201532481,3.999442053420381,nonsense,M>I,CFTR,1
0.03813666226039433,0.02924427433199666,0.7092340166748653,3.6190790790534026,nonsense,V>W,CFTR,1
0.20844053821790792,0.20423505791141597,0.2031426740777082,1.461782450904848,nonsense,P>D,CFTR,0
